lat,long,
47.26705,-52.7739, 
47.26703,-52.77388, 
47.26702,-52.77385, 
47.267,-52.77383, 
47.26698,-52.7738, 
47.26696,-52.77379, 
47.26694,-52.77376, 
47.26692,-52.77375, 
47.2669,-52.77372, 
47.26688,-52.77371, 
47.26686,-52.7737, 
47.26683,-52.77367, 
47.26682,-52.77366, 
47.2668,-52.77364, 
47.26678,-52.77362, 
47.26676,-52.77359, 
47.26674,-52.77359, 
47.26671,-52.77358, 
47.26669,-52.77355, 
47.26666,-52.77354, 
47.26664,-52.77352, 
47.26662,-52.77351, 
47.2666,-52.7735, 
47.26658,-52.77349, 
47.26656,-52.77346, 
47.26656,-52.77342, 
47.26656,-52.77339, 
47.26658,-52.77337, 
47.26659,-52.77336, 
47.26661,-52.77335, 
47.26663,-52.77334, 
47.26666,-52.77334, 
47.26669,-52.77332, 
47.26672,-52.77332, 
47.26675,-52.77332, 
47.26678,-52.77331, 
47.2668,-52.7733, 
47.26682,-52.77329, 
47.26684,-52.77327, 
47.26686,-52.77325, 
47.26688,-52.77323, 
47.2669,-52.77321, 
47.26691,-52.77318, 
47.2669,-52.77314, 
47.2669,-52.77311, 
47.2669,-52.77307, 
47.2669,-52.77305, 
47.2669,-52.77303, 
47.26689,-52.77297, 
47.26689,-52.77294, 
47.2669,-52.77291, 
47.26691,-52.77289, 
47.26691,-52.77284, 
47.26689,-52.77284, 
47.26687,-52.77282, 
47.26684,-52.7728, 
47.26682,-52.77278, 
47.2668,-52.77276, 
47.26677,-52.77274, 
47.26675,-52.77273, 
47.26673,-52.77272, 
47.2667,-52.77271, 
47.26668,-52.77272, 
47.26666,-52.77272, 
47.26664,-52.77272, 
47.26661,-52.77272, 
47.26659,-52.77273, 
47.26659,-52.77273, 
47.26662,-52.77272, 
47.26665,-52.77271, 
47.26666,-52.7727, 
47.26669,-52.77269, 
47.26671,-52.77269, 
47.26674,-52.77267, 
47.26677,-52.77266, 
47.2668,-52.77265, 
47.26682,-52.77265, 
47.26684,-52.77263, 
47.26686,-52.77263, 
47.26688,-52.77262, 
47.26691,-52.77262, 
47.26693,-52.77262, 
47.26695,-52.77261, 
47.26697,-52.7726, 
47.26701,-52.7726, 
47.26703,-52.77259, 
47.26705,-52.77257, 
47.26708,-52.77255, 
47.26711,-52.77255, 
47.26713,-52.77253, 
47.26713,-52.7725, 
47.26713,-52.77246, 
47.26713,-52.77243, 
47.26713,-52.77239, 
47.26711,-52.77237, 
47.26709,-52.77235, 
47.26707,-52.77233, 
47.26706,-52.77231, 
47.26702,-52.77228, 
47.26699,-52.77227, 
47.26697,-52.77225, 
47.26694,-52.77223, 
47.26692,-52.77222, 
47.26689,-52.7722, 
47.26689,-52.77217, 
47.26689,-52.77214, 
47.26687,-52.77213, 
47.26685,-52.77212, 
47.26682,-52.77211, 
47.2668,-52.77211, 
47.26678,-52.77212, 
47.26676,-52.77211, 
47.26673,-52.77212, 
47.26671,-52.77211, 
47.26668,-52.77212, 
47.26665,-52.77212, 
47.26663,-52.77212, 
47.26663,-52.77212, 
47.26665,-52.77212, 
47.26668,-52.77209, 
47.26671,-52.77206, 
47.26672,-52.77204, 
47.26674,-52.77202, 
47.26676,-52.77198, 
47.26677,-52.77195, 
47.26678,-52.77191, 
47.26679,-52.77188, 
47.26679,-52.77185, 
47.2668,-52.77182, 
47.2668,-52.77178, 
47.26681,-52.77174, 
47.2668,-52.77169, 
47.26679,-52.77166, 
47.26677,-52.77164, 
47.26675,-52.7716, 
47.26675,-52.77157, 
47.26674,-52.77155, 
47.26672,-52.77152, 
47.26668,-52.77151, 
47.26667,-52.77149, 
47.26665,-52.77149, 
47.26662,-52.77149, 
47.2666,-52.77149, 
47.26658,-52.7715, 
47.26655,-52.7715, 
47.26652,-52.77151, 
47.2665,-52.77154, 
47.26648,-52.77156, 
47.26646,-52.77158, 
47.26645,-52.77159, 
47.26643,-52.7716, 
47.26641,-52.7716, 
47.26639,-52.77161, 
47.26636,-52.7716, 
47.26634,-52.7716, 
47.26632,-52.77161, 
47.2663,-52.77161, 
47.26628,-52.77161, 
47.26626,-52.7716, 
47.26623,-52.77158, 
47.26621,-52.77155, 
47.26619,-52.77153, 
47.26618,-52.77152, 
47.26617,-52.77149, 
47.26615,-52.77145, 
47.26614,-52.77142, 
47.26612,-52.77139, 
47.26611,-52.77135, 
47.2661,-52.77132, 
47.26609,-52.7713, 
47.26608,-52.77127, 
47.26606,-52.77121, 
47.26606,-52.77118, 
47.26607,-52.77114, 
47.26608,-52.7711, 
47.26608,-52.77107, 
47.26609,-52.77104, 
47.26608,-52.77099, 
47.26607,-52.77095, 
47.26605,-52.77092, 
47.26603,-52.77091, 
47.26601,-52.77091, 
47.26598,-52.7709, 
47.26596,-52.7709, 
47.26593,-52.7709, 
47.26591,-52.77088, 
47.26589,-52.77088, 
47.26587,-52.77087, 
47.26585,-52.77085, 
47.26582,-52.77084, 
47.26579,-52.77082, 
47.26577,-52.77081, 
47.26576,-52.7708, 
47.26573,-52.77078, 
47.26571,-52.77076, 
47.2657,-52.77073, 
47.26567,-52.77071, 
47.26565,-52.77068, 
47.26563,-52.77067, 
47.26561,-52.77065, 
47.26559,-52.77063, 
47.26557,-52.7706, 
47.26556,-52.77059, 
47.26553,-52.77056, 
47.26551,-52.77054, 
47.26548,-52.77052, 
47.26547,-52.7705, 
47.26545,-52.77048, 
47.26544,-52.77043, 
47.26543,-52.77039, 
47.26544,-52.77037, 
47.26543,-52.77033, 
47.2654,-52.7703, 
47.26538,-52.7703, 
47.26537,-52.77029, 
47.26534,-52.77029, 
47.26532,-52.77029, 
47.2653,-52.77027, 
47.2653,-52.77024, 
47.2653,-52.77019, 
47.2653,-52.77015, 
47.26529,-52.77012, 
47.26528,-52.7701, 
47.26525,-52.7701, 
47.26523,-52.7701, 
47.2652,-52.7701, 
47.26518,-52.7701, 
47.26515,-52.7701, 
47.26514,-52.77007, 
47.26514,-52.77004, 
47.26512,-52.77, 
47.26511,-52.76997, 
47.2651,-52.76996, 
47.26507,-52.76993, 
47.26506,-52.76989, 
47.26504,-52.76987, 
47.26503,-52.76985, 
47.26501,-52.76983, 
47.26498,-52.76983, 
47.26496,-52.76983, 
47.26494,-52.76983, 
47.26492,-52.76984, 
47.2649,-52.76984, 
47.26487,-52.76985, 
47.26485,-52.76985, 
47.26483,-52.76986, 
47.2648,-52.76986, 
47.26478,-52.76986, 
47.26476,-52.76987, 
47.26474,-52.76987, 
47.26472,-52.76988, 
47.26469,-52.76987, 
47.26468,-52.76986, 
47.26465,-52.76985, 
47.26464,-52.76982, 
47.26463,-52.7698, 
47.26461,-52.76977, 
47.26462,-52.76973, 
47.26462,-52.76973, 
47.26459,-52.76973, 
47.26457,-52.76972, 
47.26456,-52.76971, 
47.26453,-52.7697, 
47.26451,-52.76968, 
47.26449,-52.76967, 
47.26447,-52.76967, 
47.26444,-52.76967, 
47.26442,-52.76967, 
47.2644,-52.76967, 
47.26437,-52.76968, 
47.26434,-52.76968, 
47.26432,-52.76968, 
47.26431,-52.76966, 
47.26428,-52.76965, 
47.26426,-52.76964, 
47.26424,-52.76963, 
47.26422,-52.76963, 
47.2642,-52.76963, 
47.26419,-52.76962, 
47.26414,-52.76966, 
47.26412,-52.76966, 
47.26411,-52.76966, 
47.26409,-52.76966, 
47.26407,-52.76964, 
47.26405,-52.76964, 
47.26404,-52.76964, 
47.26402,-52.76963, 
47.26401,-52.76962, 
47.26399,-52.76961, 
47.26398,-52.76959, 
47.26397,-52.76957, 
47.26395,-52.76956, 
47.26394,-52.76957, 
47.26392,-52.76957, 
47.26391,-52.76957, 
47.26389,-52.76957, 
47.26388,-52.76957, 
47.26386,-52.76958, 
47.26384,-52.76958, 
47.26382,-52.76959, 
47.26381,-52.7696, 
47.26379,-52.76961, 
47.26378,-52.76962, 
47.26375,-52.76963, 
47.26374,-52.76965, 
47.26371,-52.76965, 
47.2637,-52.76966, 
47.26368,-52.76967, 
47.26366,-52.76968, 
47.26365,-52.76968, 
47.26363,-52.76969, 
47.26362,-52.7697, 
47.26359,-52.76971, 
47.26358,-52.76971, 
47.26356,-52.76972, 
47.26354,-52.76972, 
47.26353,-52.76973, 
47.26351,-52.76973, 
47.26349,-52.76973, 
47.26347,-52.76973, 
47.26345,-52.76973, 
47.26343,-52.76973, 
47.26342,-52.76973, 
47.2634,-52.76973, 
47.26338,-52.76974, 
47.26337,-52.76975, 
47.26335,-52.76975, 
47.26334,-52.76975, 
47.26331,-52.76976, 
47.26329,-52.76977, 
47.26327,-52.76977, 
47.26326,-52.76977, 
47.26324,-52.76977, 
47.26322,-52.76976, 
47.26321,-52.76977, 
47.26319,-52.76976, 
47.26318,-52.76976, 
47.26316,-52.76975, 
47.26314,-52.76975, 
47.26313,-52.76975, 
47.26311,-52.76974, 
47.26309,-52.76974, 
47.26307,-52.76973, 
47.26306,-52.76973, 
47.26303,-52.76973, 
47.26303,-52.76973, 
47.26301,-52.76973, 
47.26299,-52.76973, 
47.26298,-52.76973, 
47.26297,-52.76973, 
47.26295,-52.76973, 
47.26294,-52.76972, 
47.26292,-52.76972, 
47.26291,-52.76972, 
47.26289,-52.76972, 
47.26287,-52.76972, 
47.26285,-52.76972, 
47.26283,-52.76972, 
47.26282,-52.76972, 
47.2628,-52.76972, 
47.26279,-52.76972, 
47.26277,-52.76973, 
47.26275,-52.76973, 
47.26274,-52.76973, 
47.26272,-52.76974, 
47.26271,-52.76974, 
47.26269,-52.76974, 
47.26268,-52.76975, 
47.26266,-52.76975, 
47.26265,-52.76975, 
47.26263,-52.76976, 
47.26261,-52.76976, 
47.26258,-52.7698, 
47.26256,-52.76983, 
47.26253,-52.76985, 
47.26251,-52.76987, 
47.26249,-52.7699, 
47.26247,-52.76992, 
47.26246,-52.76994, 
47.26244,-52.76997, 
47.26243,-52.76998, 
47.26241,-52.76999, 
47.26239,-52.76999, 
47.26237,-52.77, 
47.26235,-52.77, 
47.26232,-52.77001, 
47.26231,-52.77, 
47.26228,-52.77, 
47.26227,-52.77001, 
47.26224,-52.77, 
47.26223,-52.77, 
47.26221,-52.76999, 
47.2622,-52.76998, 
47.26217,-52.76998, 
47.26214,-52.76998, 
47.26213,-52.76997, 
47.26211,-52.76997, 
47.26209,-52.76997, 
47.26207,-52.76996, 
47.26205,-52.76996, 
47.26203,-52.76996, 
47.26201,-52.76996, 
47.26199,-52.76997, 
47.26197,-52.76996, 
47.26195,-52.76996, 
47.26193,-52.76996, 
47.26191,-52.76996, 
47.2619,-52.76997, 
47.26188,-52.76996, 
47.26186,-52.76997, 
47.26184,-52.76998, 
47.26181,-52.76998, 
47.2618,-52.77, 
47.26178,-52.77002, 
47.26176,-52.77003, 
47.26174,-52.77004, 
47.26172,-52.77004, 
47.26171,-52.77002, 
47.2617,-52.77, 
47.26169,-52.77, 
47.26167,-52.76999, 
47.26165,-52.77, 
47.26163,-52.77, 
47.26161,-52.77001, 
47.2616,-52.77001, 
47.26158,-52.77002, 
47.26158,-52.77004, 
47.26157,-52.77006, 
47.26155,-52.77005, 
47.26153,-52.77005, 
47.2615,-52.77006, 
47.26148,-52.77007, 
47.26146,-52.77007, 
47.26145,-52.77007, 
47.26143,-52.77007, 
47.26139,-52.77008, 
47.26137,-52.77008, 
47.26135,-52.77008, 
47.26133,-52.77009, 
47.26132,-52.77009, 
47.2613,-52.7701, 
47.26129,-52.77011, 
47.26127,-52.77013, 
47.26126,-52.77015, 
47.26125,-52.77018, 
47.26123,-52.77019, 
47.26121,-52.77021, 
47.2612,-52.77022, 
47.26118,-52.77023, 
47.26116,-52.77024, 
47.26115,-52.77024, 
47.26113,-52.77025, 
47.26111,-52.77023, 
47.26109,-52.77021, 
47.26108,-52.77021, 
47.26106,-52.77019, 
47.26105,-52.77018, 
47.26102,-52.77017, 
47.26101,-52.77016, 
47.26099,-52.77015, 
47.26097,-52.77014, 
47.26096,-52.77014, 
47.26093,-52.77015, 
47.26092,-52.77015, 
47.2609,-52.77015, 
47.26089,-52.77015, 
47.26087,-52.77017, 
47.26085,-52.77019, 
47.26084,-52.77021, 
47.26083,-52.77023, 
47.26082,-52.77025, 
47.26081,-52.77027, 
47.2608,-52.77028, 
47.26079,-52.77032, 
47.26077,-52.77034, 
47.26076,-52.77036, 
47.26074,-52.77038, 
47.26073,-52.7704, 
47.26072,-52.77042, 
47.26071,-52.77044, 
47.26071,-52.77047, 
47.2607,-52.7705, 
47.26073,-52.77054, 
47.26074,-52.77054, 
47.26075,-52.77054, 
47.26076,-52.77053, 
47.26077,-52.77053, 
47.26078,-52.77053, 
47.26079,-52.77054, 
47.26081,-52.77054, 
47.26082,-52.77055, 
47.26083,-52.77054, 
47.26085,-52.77055, 
47.26086,-52.77055, 
47.26087,-52.77057, 
47.26087,-52.77057, 
47.26085,-52.77058, 
47.26084,-52.77058, 
47.26083,-52.77058, 
47.26081,-52.77057, 
47.2608,-52.77058, 
47.26078,-52.77058, 
47.26077,-52.77059, 
47.26075,-52.7706, 
47.26074,-52.77062, 
47.26073,-52.77063, 
47.26073,-52.77065, 
47.26072,-52.77066, 
47.26072,-52.77069, 
47.26071,-52.7707, 
47.26071,-52.77071, 
47.2607,-52.77074, 
47.2607,-52.77075, 
47.26069,-52.77077, 
47.26068,-52.77079, 
47.26067,-52.77079, 
47.26066,-52.77079, 
47.26065,-52.77078, 
47.26065,-52.77076, 
47.26064,-52.77074, 
47.26063,-52.77072, 
47.26062,-52.77071, 
47.26061,-52.77071, 
47.26059,-52.7707, 
47.26058,-52.77071, 
47.26058,-52.77073, 
47.26057,-52.77075, 
47.26057,-52.77077, 
47.26055,-52.77079, 
47.26055,-52.77081, 
47.26054,-52.77082, 
47.26053,-52.77083, 
47.26051,-52.77084, 
47.2605,-52.77083, 
47.26048,-52.77083, 
47.26047,-52.77082, 
47.26046,-52.77082, 
47.26045,-52.7708, 
47.26044,-52.7708, 
47.26043,-52.77078, 
47.26042,-52.77076, 
47.26041,-52.77074, 
47.26041,-52.77073, 
47.26041,-52.7707, 
47.26041,-52.77068, 
47.26042,-52.77066, 
47.26042,-52.77063, 
47.26042,-52.77061, 
47.26044,-52.77058, 
47.26044,-52.77057, 
47.26045,-52.77055, 
47.26046,-52.77053, 
47.26047,-52.77051, 
47.26047,-52.77048, 
47.26048,-52.77046, 
47.26047,-52.77043, 
47.26046,-52.77041, 
47.26045,-52.7704, 
47.26043,-52.7704, 
47.26042,-52.77039, 
47.26041,-52.7704, 
47.2604,-52.77041, 
47.26038,-52.77043, 
47.26037,-52.77043, 
47.26036,-52.77044, 
47.26035,-52.77045, 
47.26034,-52.77045, 
47.26032,-52.77046, 
47.26031,-52.77046, 
47.2603,-52.77046, 
47.26029,-52.77047, 
47.26027,-52.77048, 
47.26027,-52.77048, 
47.26025,-52.77049, 
47.26024,-52.77049, 
47.26023,-52.77049, 
47.26021,-52.77049, 
47.2602,-52.77049, 
47.26019,-52.7705, 
47.26017,-52.77051, 
47.26016,-52.77051, 
47.26014,-52.77052, 
47.26013,-52.77052, 
47.26012,-52.77051, 
47.2601,-52.77051, 
47.26008,-52.77051, 
47.26007,-52.77051, 
47.26006,-52.7705, 
47.26005,-52.77051, 
47.26003,-52.77051, 
47.26002,-52.77052, 
47.26,-52.77052, 
47.25999,-52.77053, 
47.25998,-52.77052, 
47.25996,-52.77052, 
47.25995,-52.77052, 
47.25993,-52.77051, 
47.25993,-52.77051, 
47.2599,-52.7705, 
47.25989,-52.7705, 
47.25988,-52.7705, 
47.25986,-52.7705, 
47.25985,-52.7705, 
47.25984,-52.77051, 
47.25982,-52.77051, 
47.25981,-52.77051, 
47.25979,-52.77051, 
47.25978,-52.77051, 
47.25976,-52.77051, 
47.25975,-52.77051, 
47.25974,-52.77052, 
47.25972,-52.77052, 
47.25971,-52.77052, 
47.2597,-52.77052, 
47.25969,-52.77053, 
47.25966,-52.77054, 
47.25966,-52.77054, 
47.25963,-52.77053, 
47.25962,-52.77053, 
47.25961,-52.77053, 
47.25959,-52.77053, 
47.25959,-52.77053, 
47.25956,-52.77053, 
47.25955,-52.77054, 
47.25954,-52.77054, 
47.25952,-52.77055, 
47.25951,-52.77056, 
47.25949,-52.77056, 
47.25948,-52.77057, 
47.25947,-52.77057, 
47.25945,-52.77058, 
47.25943,-52.77059, 
47.25942,-52.7706, 
47.25941,-52.7706, 
47.25939,-52.7706, 
47.25938,-52.7706, 
47.25936,-52.77061, 
47.25935,-52.77061, 
47.25933,-52.77061, 
47.25932,-52.77062, 
47.2593,-52.77062, 
47.25929,-52.77062, 
47.25928,-52.77063, 
47.25926,-52.77062, 
47.25925,-52.77064, 
47.25924,-52.77064, 
47.25922,-52.77065, 
47.25921,-52.77066, 
47.25919,-52.77066, 
47.25918,-52.77067, 
47.25917,-52.77068, 
47.25916,-52.77069, 
47.25914,-52.7707, 
47.25913,-52.7707, 
47.25912,-52.77071, 
47.25911,-52.77073, 
47.2591,-52.77074, 
47.25909,-52.77075, 
47.25907,-52.77077, 
47.25906,-52.77077, 
47.25905,-52.77079, 
47.25904,-52.7708, 
47.25903,-52.77081, 
47.25903,-52.77083, 
47.25902,-52.77085, 
47.25901,-52.77087, 
47.259,-52.77089, 
47.25899,-52.77091, 
47.25899,-52.77093, 
47.25898,-52.77097, 
47.25898,-52.77099, 
47.25898,-52.77102, 
47.25897,-52.77104, 
47.25898,-52.77106, 
47.25898,-52.77108, 
47.25898,-52.7711, 
47.25898,-52.77112, 
47.25898,-52.77116, 
47.25899,-52.77118, 
47.25899,-52.7712, 
47.25899,-52.77121, 
47.25899,-52.77124, 
47.259,-52.77127, 
47.25899,-52.77129, 
47.259,-52.77133, 
47.259,-52.77136, 
47.259,-52.77137, 
47.25901,-52.7714, 
47.25902,-52.77142, 
47.25903,-52.77144, 
47.25904,-52.77145, 
47.25904,-52.77146, 
47.25905,-52.77149, 
47.25907,-52.7715, 
47.25908,-52.77152, 
47.25908,-52.77153, 
47.25909,-52.77156, 
47.2591,-52.77157, 
47.25911,-52.77158, 
47.25913,-52.77159, 
47.25913,-52.77159, 
47.25915,-52.7716, 
47.25917,-52.77161, 
47.25919,-52.77162, 
47.2592,-52.77162, 
47.25921,-52.77163, 
47.25923,-52.77164, 
47.25925,-52.77165, 
47.25926,-52.77165, 
47.25927,-52.77165, 
47.25928,-52.77166, 
47.2593,-52.77166, 
47.25931,-52.77166, 
47.25933,-52.77166, 
47.25934,-52.77166, 
47.25936,-52.77165, 
47.25937,-52.77165, 
47.25939,-52.77166, 
47.25939,-52.77167, 
47.25939,-52.77169, 
47.25938,-52.77171, 
47.25937,-52.77173, 
47.25936,-52.77175, 
47.25936,-52.77176, 
47.25935,-52.77179, 
47.25935,-52.77182, 
47.25935,-52.77184, 
47.25934,-52.77187, 
47.25935,-52.77188, 
47.25934,-52.77188, 
47.25935,-52.77189, 
47.25936,-52.7719, 
47.25937,-52.7719, 
47.25939,-52.77191, 
47.2594,-52.77191, 
47.25942,-52.77192, 
47.25944,-52.77192, 
47.25945,-52.77192, 
47.25947,-52.77192, 
47.25948,-52.77192, 
47.25949,-52.77191, 
47.2595,-52.7719, 
47.25951,-52.77189, 
47.25952,-52.77187, 
47.25953,-52.77186, 
47.25953,-52.77184, 
47.25955,-52.77183, 
47.25955,-52.77182, 
47.25957,-52.77181, 
47.25958,-52.77181, 
47.2596,-52.77181, 
47.25961,-52.77182, 
47.25963,-52.77182, 
47.25964,-52.77182, 
47.25965,-52.77183, 
47.25966,-52.77184, 
47.25967,-52.77184, 
47.25969,-52.77184, 
47.2597,-52.77185, 
47.25971,-52.77187, 
47.25972,-52.77187, 
47.25973,-52.77188, 
47.25974,-52.77189, 
47.25976,-52.77191, 
47.25977,-52.77191, 
47.25979,-52.77192, 
47.2598,-52.77193, 
47.25981,-52.77193, 
47.25982,-52.77193, 
47.25984,-52.77192, 
47.25985,-52.77191, 
47.25986,-52.7719, 
47.25987,-52.77189, 
47.25988,-52.77189, 
47.25989,-52.77187, 
47.25991,-52.77185, 
47.25992,-52.77184, 
47.25993,-52.77183, 
47.25994,-52.77182, 
47.25995,-52.77181, 
47.25996,-52.7718, 
47.25997,-52.7718, 
47.25999,-52.77179, 
47.26,-52.77179, 
47.26001,-52.77178, 
47.26002,-52.77178, 
47.26003,-52.7718, 
47.26003,-52.77182, 
47.26002,-52.77183, 
47.26,-52.77184, 
47.26,-52.77185, 
47.25999,-52.77186, 
47.25999,-52.77188, 
47.26,-52.77189, 
47.26,-52.77189, 
47.26002,-52.77191, 
47.26003,-52.77192, 
47.26004,-52.77192, 
47.26006,-52.77192, 
47.26007,-52.77191, 
47.26009,-52.77191, 
47.2601,-52.77191, 
47.26012,-52.77192, 
47.26013,-52.77192, 
47.26013,-52.77192, 
47.26014,-52.77193, 
47.26016,-52.77193, 
47.26017,-52.77192, 
47.26019,-52.77191, 
47.26019,-52.77189, 
47.2602,-52.77187, 
47.26021,-52.77187, 
47.26022,-52.77186, 
47.26023,-52.77185, 
47.26024,-52.77185, 
47.26025,-52.77187, 
47.26025,-52.77189, 
47.26025,-52.77191, 
47.26023,-52.77192, 
47.26022,-52.77193, 
47.2602,-52.77194, 
47.26019,-52.77195, 
47.26018,-52.77196, 
47.26016,-52.77197, 
47.26016,-52.77198, 
47.26014,-52.77198, 
47.26013,-52.77198, 
47.26012,-52.77199, 
47.26011,-52.77199, 
47.26009,-52.77199, 
47.26008,-52.77199, 
47.26007,-52.77199, 
47.26005,-52.772, 
47.26004,-52.77201, 
47.26002,-52.77201, 
47.26001,-52.77202, 
47.26,-52.77202, 
47.25998,-52.77203, 
47.25997,-52.77203, 
47.25996,-52.77204, 
47.25995,-52.77204, 
47.25993,-52.77204, 
47.25992,-52.77204, 
47.25991,-52.77204, 
47.25989,-52.77204, 
47.25988,-52.77203, 
47.25986,-52.77203, 
47.25985,-52.77203, 
47.25983,-52.77203, 
47.25982,-52.77202, 
47.25981,-52.77202, 
47.2598,-52.772, 
47.25979,-52.77199, 
47.25978,-52.77198, 
47.25977,-52.77197, 
47.25976,-52.77196, 
47.25975,-52.77195, 
47.25974,-52.77195, 
47.25973,-52.77193, 
47.25972,-52.77192, 
47.25971,-52.77191, 
47.2597,-52.7719, 
47.25968,-52.77188, 
47.25967,-52.77187, 
47.25966,-52.77186, 
47.25965,-52.77186, 
47.25964,-52.77185, 
47.25962,-52.77185, 
47.25962,-52.77185, 
47.2596,-52.77187, 
47.25959,-52.77189, 
47.25958,-52.77191, 
47.25958,-52.77193, 
47.25957,-52.77194, 
47.25958,-52.77197, 
47.25958,-52.77198, 
47.25956,-52.77198, 
47.25955,-52.77197, 
47.25954,-52.77195, 
47.25953,-52.77193, 
47.25952,-52.77191, 
47.2595,-52.77191, 
47.25949,-52.77191, 
47.25947,-52.77191, 
47.25946,-52.77192, 
47.25945,-52.77192, 
47.25943,-52.77193, 
47.25942,-52.77193, 
47.2594,-52.77193, 
47.25939,-52.77193, 
47.25938,-52.77193, 
47.25937,-52.77195, 
47.25936,-52.77197, 
47.25935,-52.77199, 
47.25935,-52.77201, 
47.25934,-52.77202, 
47.25933,-52.77205, 
47.25933,-52.77207, 
47.25933,-52.77209, 
47.25933,-52.77212, 
47.25933,-52.77213, 
47.25931,-52.77214, 
47.2593,-52.77215, 
47.2593,-52.77217, 
47.2593,-52.77217, 
47.25927,-52.77217, 
47.25926,-52.77218, 
47.25926,-52.7722, 
47.25925,-52.77221, 
47.25924,-52.77223, 
47.25922,-52.77225, 
47.25921,-52.77227, 
47.25921,-52.77229, 
47.25921,-52.77231, 
47.2592,-52.77233, 
47.25921,-52.77234, 
47.25922,-52.77236, 
47.25924,-52.77237, 
47.25925,-52.77237, 
47.25926,-52.77238, 
47.25927,-52.77239, 
47.25928,-52.7724, 
47.2593,-52.77241, 
47.25931,-52.77241, 
47.25932,-52.77242, 
47.25934,-52.77242, 
47.25935,-52.77243, 
47.25937,-52.77243, 
47.25939,-52.77244, 
47.2594,-52.77244, 
47.25941,-52.77244, 
47.25942,-52.77245, 
47.25944,-52.77244, 
47.25945,-52.77243, 
47.25946,-52.77241, 
47.25947,-52.7724, 
47.25947,-52.77239, 
47.25948,-52.77237, 
47.25949,-52.77235, 
47.25949,-52.77233, 
47.2595,-52.77232, 
47.25951,-52.77229, 
47.25951,-52.77227, 
47.25952,-52.77226, 
47.25953,-52.77224, 
47.25954,-52.77223, 
47.25954,-52.7722, 
47.25956,-52.77219, 
47.25957,-52.77218, 
47.25958,-52.77217, 
47.25959,-52.77216, 
47.2596,-52.77215, 
47.25961,-52.77215, 
47.25963,-52.77215, 
47.25964,-52.77216, 
47.25965,-52.77217, 
47.25966,-52.77219, 
47.25967,-52.7722, 
47.25968,-52.77221, 
47.2597,-52.77222, 
47.25971,-52.77223, 
47.25973,-52.77224, 
47.25974,-52.77224, 
47.25976,-52.77224, 
47.25977,-52.77223, 
47.25978,-52.77222, 
47.2598,-52.77222, 
47.25981,-52.77222, 
47.25982,-52.77223, 
47.25983,-52.77224, 
47.25983,-52.77226, 
47.25983,-52.77228, 
47.25983,-52.7723, 
47.25983,-52.77232, 
47.25982,-52.77234, 
47.25981,-52.77235, 
47.2598,-52.77237, 
47.2598,-52.77239, 
47.25981,-52.7724, 
47.25981,-52.7724, 
47.25983,-52.77241, 
47.25984,-52.77242, 
47.25985,-52.77243, 
47.25987,-52.77243, 
47.25988,-52.77244, 
47.2599,-52.77244, 
47.25991,-52.77245, 
47.25992,-52.77246, 
47.25993,-52.77247, 
47.25993,-52.77247, 
47.25994,-52.77249, 
47.25996,-52.7725, 
47.25996,-52.77251, 
47.25996,-52.77254, 
47.25995,-52.77254, 
47.25994,-52.77254, 
47.25992,-52.77254, 
47.25991,-52.77254, 
47.25989,-52.77254, 
47.25988,-52.77255, 
47.25987,-52.77255, 
47.25985,-52.77255, 
47.25984,-52.77254, 
47.25983,-52.77254, 
47.25982,-52.77253, 
47.25981,-52.77252, 
47.2598,-52.7725, 
47.25979,-52.77247, 
47.25978,-52.77245, 
47.25977,-52.77243, 
47.25975,-52.77243, 
47.25974,-52.77243, 
47.25972,-52.77242, 
47.25971,-52.77242, 
47.25969,-52.77242, 
47.25968,-52.77241, 
47.25967,-52.77241, 
47.25965,-52.77241, 
47.25965,-52.77241, 
47.25963,-52.77241, 
47.25962,-52.77241, 
47.2596,-52.77242, 
47.25959,-52.77242, 
47.25958,-52.77243, 
47.25957,-52.77244, 
47.25956,-52.77245, 
47.25954,-52.77246, 
47.25953,-52.77247, 
47.25952,-52.77248, 
47.25951,-52.77249, 
47.25949,-52.7725, 
47.25948,-52.7725, 
47.25947,-52.77251, 
47.25945,-52.77252, 
47.25943,-52.77253, 
47.25942,-52.77254, 
47.2594,-52.77255, 
47.25938,-52.77256, 
47.25937,-52.77256, 
47.25935,-52.77257, 
47.25934,-52.77258, 
47.25933,-52.77258, 
47.25931,-52.77258, 
47.2593,-52.77257, 
47.25928,-52.77257, 
47.25927,-52.77257, 
47.25925,-52.77255, 
47.25924,-52.77255, 
47.25923,-52.77254, 
47.25921,-52.77254, 
47.25919,-52.77255, 
47.25918,-52.77256, 
47.25917,-52.77257, 
47.25916,-52.77258, 
47.25914,-52.77259, 
47.25913,-52.77259, 
47.25912,-52.7726, 
47.25912,-52.77261, 
47.2591,-52.77263, 
47.25908,-52.77264, 
47.25907,-52.77266, 
47.25906,-52.77267, 
47.25906,-52.77269, 
47.25906,-52.77271, 
47.25905,-52.77272, 
47.25904,-52.77274, 
47.25903,-52.77277, 
47.25903,-52.77279, 
47.25903,-52.7728, 
47.25902,-52.77282, 
47.25902,-52.77284, 
47.25901,-52.77285, 
47.259,-52.77286, 
47.25899,-52.77286, 
47.25897,-52.77286, 
47.25896,-52.77286, 
47.25894,-52.77286, 
47.25893,-52.77286, 
47.25891,-52.77285, 
47.2589,-52.77285, 
47.25888,-52.77286, 
47.25886,-52.77287, 
47.25885,-52.77288, 
47.25884,-52.77289, 
47.25882,-52.7729, 
47.25881,-52.77292, 
47.2588,-52.77293, 
47.25879,-52.77295, 
47.25878,-52.77296, 
47.25878,-52.77298, 
47.25876,-52.77299, 
47.25875,-52.77301, 
47.25875,-52.77302, 
47.25874,-52.77304, 
47.25873,-52.77306, 
47.25873,-52.77308, 
47.25872,-52.7731, 
47.25872,-52.77313, 
47.25872,-52.77316, 
47.25871,-52.77317, 
47.25871,-52.77319, 
47.25871,-52.77323, 
47.25871,-52.77325, 
47.25871,-52.77328, 
47.2587,-52.7733, 
47.2587,-52.77333, 
47.25871,-52.77335, 
47.25871,-52.77337, 
47.25871,-52.77338, 
47.25871,-52.77341, 
47.25871,-52.77343, 
47.25872,-52.77345, 
47.25873,-52.77346, 
47.25874,-52.77347, 
47.25876,-52.77348, 
47.25876,-52.77349, 
47.25877,-52.77351, 
47.25878,-52.77352, 
47.25879,-52.77354, 
47.2588,-52.77355, 
47.25881,-52.77357, 
47.25882,-52.77357, 
47.25884,-52.77359, 
47.25886,-52.77359, 
47.25886,-52.77359, 
47.25888,-52.77361, 
47.25889,-52.77362, 
47.2589,-52.77363, 
47.25892,-52.77365, 
47.25892,-52.77365, 
47.25894,-52.77367, 
47.25895,-52.77368, 
47.25897,-52.7737, 
47.25898,-52.77372, 
47.25899,-52.77374, 
47.259,-52.77375, 
47.25901,-52.77376, 
47.25902,-52.77378, 
47.25903,-52.77379, 
47.25905,-52.7738, 
47.25906,-52.77381, 
47.25907,-52.77382, 
47.25908,-52.77383, 
47.25909,-52.77384, 
47.25911,-52.77385, 
47.25911,-52.77386, 
47.25913,-52.77387, 
47.25914,-52.77389, 
47.25915,-52.7739, 
47.25916,-52.7739, 
47.25918,-52.77391, 
47.25919,-52.77392, 
47.2592,-52.77393, 
47.25922,-52.77394, 
47.25922,-52.77395, 
47.25923,-52.77396, 
47.25925,-52.77397, 
47.25926,-52.77398, 
47.25926,-52.774, 
47.25927,-52.77402, 
47.25927,-52.77404, 
47.25926,-52.77405, 
47.25926,-52.77407, 
47.25925,-52.77407, 
47.25923,-52.77408, 
47.25922,-52.77408, 
47.25921,-52.77411, 
47.2592,-52.77413, 
47.25919,-52.77415, 
47.25917,-52.77414, 
47.25916,-52.77413, 
47.25915,-52.77412, 
47.25913,-52.77411, 
47.25912,-52.7741, 
47.2591,-52.7741, 
47.25908,-52.7741, 
47.25907,-52.77412, 
47.25906,-52.77413, 
47.25905,-52.77414, 
47.25904,-52.77417, 
47.25904,-52.77418, 
47.25904,-52.77421, 
47.25904,-52.77424, 
47.25905,-52.77425, 
47.25906,-52.77427, 
47.25907,-52.77429, 
47.25907,-52.7743, 
47.25909,-52.77431, 
47.2591,-52.77431, 
47.25911,-52.77432, 
47.25913,-52.77432, 
47.25915,-52.77433, 
47.25916,-52.77433, 
47.25917,-52.77432, 
47.25919,-52.77431, 
47.2592,-52.77429, 
47.25921,-52.77427, 
47.25922,-52.77426, 
47.25924,-52.77426, 
47.25925,-52.77428, 
47.25925,-52.77428, 
47.25926,-52.77431, 
47.25927,-52.77434, 
47.25927,-52.77436, 
47.25927,-52.77438, 
47.25927,-52.77441, 
47.25926,-52.77442, 
47.25926,-52.77445, 
47.25925,-52.77445, 
47.25924,-52.77446, 
47.25923,-52.77449, 
47.25923,-52.77451, 
47.25923,-52.77453, 
47.25924,-52.77455, 
47.25924,-52.77456, 
47.25925,-52.77457, 
47.25926,-52.77459, 
47.25928,-52.7746, 
47.25929,-52.77462, 
47.2593,-52.77463, 
47.25931,-52.77464, 
47.25933,-52.77465, 
47.25935,-52.77466, 
47.25936,-52.77467, 
47.25937,-52.77469, 
47.25938,-52.77471, 
47.25938,-52.77473, 
47.25938,-52.77474, 
47.25937,-52.77478, 
47.25937,-52.77479, 
47.25937,-52.77481, 
47.25937,-52.77484, 
47.25936,-52.77487, 
47.25936,-52.77488, 
47.25935,-52.77489, 
47.25935,-52.77491, 
47.25934,-52.77494, 
47.25933,-52.77497, 
47.25933,-52.77499, 
47.25933,-52.77501, 
47.25934,-52.77503, 
47.25935,-52.77503, 
47.25937,-52.77503, 
47.25937,-52.77502, 
47.25939,-52.77501, 
47.2594,-52.775, 
47.25941,-52.77499, 
47.25942,-52.77498, 
47.25943,-52.77496, 
47.25944,-52.77495, 
47.25945,-52.77494, 
47.25947,-52.77493, 
47.25948,-52.77492, 
47.25949,-52.77492, 
47.25951,-52.77492, 
47.25952,-52.77491, 
47.25954,-52.77491, 
47.25955,-52.77493, 
47.25956,-52.77495, 
47.25956,-52.77496, 
47.25955,-52.77498, 
47.25954,-52.77498, 
47.25953,-52.77499, 
47.25952,-52.77499, 
47.25951,-52.77499, 
47.2595,-52.775, 
47.25948,-52.775, 
47.25946,-52.77502, 
47.25946,-52.77504, 
47.25945,-52.77505, 
47.25945,-52.77507, 
47.25944,-52.77508, 
47.25944,-52.7751, 
47.25945,-52.77512, 
47.25946,-52.77514, 
47.25947,-52.77515, 
47.25948,-52.77516, 
47.25949,-52.77517, 
47.2595,-52.77519, 
47.25951,-52.7752, 
47.25951,-52.77522, 
47.25951,-52.77525, 
47.2595,-52.77528, 
47.25949,-52.77529, 
47.25948,-52.77531, 
47.25947,-52.77532, 
47.25946,-52.77534, 
47.25945,-52.77535, 
47.25945,-52.77536, 
47.25945,-52.77539, 
47.25945,-52.77541, 
47.25945,-52.77544, 
47.25945,-52.77545, 
47.25947,-52.77547, 
47.25947,-52.77548, 
47.25949,-52.77549, 
47.2595,-52.77549, 
47.25951,-52.7755, 
47.25952,-52.77552, 
47.25953,-52.77554, 
47.25954,-52.77555, 
47.25955,-52.77556, 
47.25956,-52.77558, 
47.25957,-52.77558, 
47.25959,-52.77559, 
47.2596,-52.7756, 
47.2596,-52.77562, 
47.25961,-52.77564, 
47.25961,-52.77566, 
47.25961,-52.77568, 
47.2596,-52.7757, 
47.25959,-52.77571, 
47.25958,-52.77572, 
47.25957,-52.77574, 
47.25956,-52.77575, 
47.25954,-52.77575, 
47.25953,-52.77575, 
47.25952,-52.77574, 
47.25951,-52.77574, 
47.25949,-52.77574, 
47.25947,-52.77573, 
47.25946,-52.77573, 
47.25945,-52.77573, 
47.25943,-52.77574, 
47.25941,-52.77574, 
47.2594,-52.77575, 
47.25939,-52.77576, 
47.25938,-52.77578, 
47.25938,-52.7758, 
47.25936,-52.77582, 
47.25936,-52.77584, 
47.25935,-52.77586, 
47.25935,-52.77587, 
47.25934,-52.7759, 
47.25934,-52.77592, 
47.25933,-52.77594, 
47.25933,-52.77596, 
47.25933,-52.77597, 
47.25931,-52.77599, 
47.25931,-52.77602, 
47.2593,-52.77603, 
47.25929,-52.77606, 
47.25928,-52.77608, 
47.25927,-52.77611, 
47.25926,-52.77613, 
47.25926,-52.77614, 
47.25925,-52.77615, 
47.25923,-52.77617, 
47.25922,-52.77619, 
47.2592,-52.77621, 
47.25919,-52.77623, 
47.25917,-52.77623, 
47.25915,-52.77622, 
47.25914,-52.77621, 
47.25913,-52.7762, 
47.25912,-52.7762, 
47.2591,-52.77618, 
47.25909,-52.77616, 
47.25908,-52.77615, 
47.25908,-52.77614, 
47.25907,-52.77611, 
47.25906,-52.77611, 
47.25906,-52.77609, 
47.25906,-52.77607, 
47.25906,-52.77605, 
47.25906,-52.77602, 
47.25906,-52.776, 
47.25905,-52.77597, 
47.25906,-52.77595, 
47.25906,-52.77591, 
47.25906,-52.77589, 
47.25905,-52.77586, 
47.25905,-52.77583, 
47.25905,-52.77579, 
47.25905,-52.77577, 
47.25904,-52.77575, 
47.25903,-52.77573, 
47.25903,-52.77572, 
47.25902,-52.77571, 
47.25901,-52.77571, 
47.259,-52.77571, 
47.25898,-52.7757, 
47.25896,-52.7757, 
47.25895,-52.77569, 
47.25894,-52.7757, 
47.25893,-52.77571, 
47.25892,-52.77572, 
47.25891,-52.77574, 
47.2589,-52.77574, 
47.25889,-52.77577, 
47.25887,-52.77579, 
47.25886,-52.7758, 
47.25885,-52.77581, 
47.25884,-52.77583, 
47.25882,-52.77584, 
47.25881,-52.77584, 
47.25879,-52.77584, 
47.25878,-52.77583, 
47.25876,-52.77582, 
47.25875,-52.7758, 
47.25873,-52.77579, 
47.25872,-52.77579, 
47.2587,-52.77578, 
47.25869,-52.77577, 
47.25867,-52.77577, 
47.25866,-52.77577, 
47.25865,-52.77578, 
47.25864,-52.77578, 
47.25863,-52.77578, 
47.25862,-52.77578, 
47.25861,-52.77578, 
47.25859,-52.77577, 
47.25857,-52.77577, 
47.25856,-52.77575, 
47.25855,-52.77575, 
47.25853,-52.77575, 
47.25851,-52.77574, 
47.25849,-52.77575, 
47.25848,-52.77576, 
47.25848,-52.77578, 
47.25847,-52.7758, 
47.25846,-52.77581, 
47.25845,-52.77583, 
47.25844,-52.77586, 
47.25844,-52.77588, 
47.25844,-52.7759, 
47.25843,-52.77593, 
47.25843,-52.77594, 
47.25843,-52.77597, 
47.25842,-52.77598, 
47.2584,-52.776, 
47.25839,-52.77601, 
47.25838,-52.77603, 
47.25837,-52.77604, 
47.25835,-52.77607, 
47.25834,-52.7761, 
47.25833,-52.77612, 
47.25831,-52.77614, 
47.2583,-52.77615, 
47.25829,-52.77616, 
47.25828,-52.77617, 
47.25826,-52.77618, 
47.25824,-52.77619, 
47.25823,-52.77618, 
47.25823,-52.77615, 
47.25823,-52.77611, 
47.25822,-52.7761, 
47.25821,-52.77608, 
47.25819,-52.77607, 
47.25818,-52.77606, 
47.25816,-52.77605, 
47.25814,-52.77604, 
47.25813,-52.77604, 
47.25811,-52.77603, 
47.25809,-52.77603, 
47.25808,-52.77602, 
47.25806,-52.77601, 
47.25805,-52.776, 
47.25803,-52.776, 
47.25802,-52.776, 
47.258,-52.776, 
47.25798,-52.77602, 
47.25798,-52.77605, 
47.25797,-52.77607, 
47.25796,-52.77611, 
47.25796,-52.77615, 
47.25796,-52.77618, 
47.25796,-52.77623, 
47.25797,-52.77624, 
47.25798,-52.77627, 
47.25798,-52.77627, 
47.258,-52.77629, 
47.25801,-52.7763, 
47.25802,-52.77632, 
47.25804,-52.77633, 
47.25804,-52.77634, 
47.25806,-52.77636, 
47.25807,-52.77637, 
47.25808,-52.77638, 
47.25809,-52.7764, 
47.2581,-52.77641, 
47.25812,-52.77641, 
47.25813,-52.77641, 
47.25814,-52.77642, 
47.25817,-52.77642, 
47.25818,-52.77643, 
47.25821,-52.77643, 
47.25822,-52.77643, 
47.25823,-52.77641, 
47.25824,-52.77639, 
47.25825,-52.77637, 
47.25825,-52.77634, 
47.25827,-52.77631, 
47.25827,-52.77629, 
47.25828,-52.77626, 
47.25829,-52.77626, 
47.25831,-52.77624, 
47.25832,-52.77624, 
47.25834,-52.77623, 
47.25835,-52.77624, 
47.25836,-52.77627, 
47.25836,-52.77631, 
47.25836,-52.77634, 
47.25837,-52.77636, 
47.25839,-52.77637, 
47.25841,-52.77638, 
47.25843,-52.77639, 
47.25844,-52.77639, 
47.25846,-52.7764, 
47.25848,-52.77641, 
47.2585,-52.77641, 
47.25852,-52.77643, 
47.25853,-52.77643, 
47.25855,-52.77643, 
47.25856,-52.77643, 
47.25858,-52.77644, 
47.25859,-52.77645, 
47.25861,-52.77645, 
47.25862,-52.77644, 
47.25863,-52.77643, 
47.25863,-52.7764, 
47.25863,-52.77638, 
47.25862,-52.77634, 
47.25862,-52.77631, 
47.25861,-52.77629, 
47.25861,-52.77624, 
47.25861,-52.77621, 
47.25861,-52.77617, 
47.25861,-52.77616, 
47.2586,-52.77614, 
47.25861,-52.7761, 
47.2586,-52.77608, 
47.2586,-52.77604, 
47.25861,-52.77602, 
47.25861,-52.77599, 
47.25861,-52.77597, 
47.25862,-52.77596, 
47.25863,-52.77592, 
47.25864,-52.77589, 
47.25865,-52.77587, 
47.25865,-52.77586, 
47.25867,-52.77585, 
47.25868,-52.77584, 
47.25869,-52.77584, 
47.25871,-52.77584, 
47.25872,-52.77585, 
47.25873,-52.77586, 
47.25874,-52.77587, 
47.25875,-52.77589, 
47.25877,-52.7759, 
47.25877,-52.77592, 
47.25878,-52.77594, 
47.25879,-52.77596, 
47.2588,-52.77598, 
47.25881,-52.776, 
47.25882,-52.77602, 
47.25882,-52.77604, 
47.25882,-52.77606, 
47.25883,-52.77609, 
47.25883,-52.77611, 
47.25883,-52.77613, 
47.25883,-52.77615, 
47.25883,-52.77618, 
47.25883,-52.7762, 
47.25883,-52.77622, 
47.25883,-52.77629, 
47.25884,-52.77631, 
47.25884,-52.77633, 
47.25885,-52.77635, 
47.25886,-52.77638, 
47.25887,-52.77641, 
47.25888,-52.77643, 
47.25888,-52.77644, 
47.25889,-52.77647, 
47.25891,-52.77648, 
47.25892,-52.77651, 
47.25892,-52.77651, 
47.25894,-52.77656, 
47.25894,-52.77657, 
47.25895,-52.7766, 
47.25896,-52.77663, 
47.25896,-52.77667, 
47.25897,-52.77671, 
47.25898,-52.77674, 
47.25899,-52.77674, 
47.25899,-52.77676, 
47.259,-52.77678, 
47.25902,-52.77681, 
47.25903,-52.77683, 
47.25903,-52.77684, 
47.25905,-52.77686, 
47.25906,-52.77689, 
47.25907,-52.77691, 
47.25908,-52.77694, 
47.2591,-52.77699, 
47.25911,-52.777, 
47.25912,-52.77701, 
47.25913,-52.77702, 
47.25915,-52.77702, 
47.25916,-52.77703, 
47.25916,-52.77704, 
47.25918,-52.77706, 
47.2592,-52.77709, 
47.25922,-52.7771, 
47.25924,-52.7771, 
47.25925,-52.7771, 
47.25925,-52.77707, 
47.25926,-52.77705, 
47.25927,-52.77703, 
47.25928,-52.77703, 
47.2593,-52.77702, 
47.25931,-52.77702, 
47.25932,-52.77702, 
47.25934,-52.77702, 
47.25935,-52.77703, 
47.25936,-52.77704, 
47.25938,-52.77705, 
47.25939,-52.77707, 
47.2594,-52.77709, 
47.2594,-52.77711, 
47.25941,-52.77713, 
47.25941,-52.77716, 
47.25941,-52.77719, 
47.25941,-52.77721, 
47.25942,-52.77723, 
47.25943,-52.77726, 
47.25944,-52.77727, 
47.25945,-52.77728, 
47.25946,-52.77728, 
47.25948,-52.77729, 
47.2595,-52.77729, 
47.25951,-52.77729, 
47.25952,-52.77727, 
47.25953,-52.77725, 
47.25954,-52.77724, 
47.25956,-52.77721, 
47.25957,-52.7772, 
47.25958,-52.7772, 
47.25959,-52.77718, 
47.25961,-52.77717, 
47.25962,-52.77716, 
47.25963,-52.77716, 
47.25965,-52.77716, 
47.25966,-52.77717, 
47.25967,-52.77717, 
47.25969,-52.77718, 
47.25971,-52.77719, 
47.25973,-52.7772, 
47.25974,-52.7772, 
47.25975,-52.77721, 
47.25978,-52.77721, 
47.2598,-52.77722, 
47.25982,-52.77722, 
47.25985,-52.77721, 
47.25986,-52.7772, 
47.25988,-52.77719, 
47.25989,-52.77718, 
47.2599,-52.77715, 
47.25991,-52.77713, 
47.25992,-52.7771, 
47.25993,-52.77708, 
47.25994,-52.77706, 
47.25996,-52.77706, 
47.25997,-52.77706, 
47.25998,-52.77707, 
47.26,-52.77707, 
47.26002,-52.77708, 
47.26004,-52.77708, 
47.26006,-52.77708, 
47.26007,-52.77708, 
47.26008,-52.77709, 
47.26013,-52.77711, 
47.26015,-52.7771, 
47.26016,-52.77708, 
47.26018,-52.77707, 
47.26019,-52.77706, 
47.26021,-52.77706, 
47.26023,-52.77707, 
47.26025,-52.77706, 
47.26026,-52.77705, 
47.26027,-52.77705, 
47.26029,-52.77706, 
47.2603,-52.77708, 
47.26031,-52.77708, 
47.26033,-52.77706, 
47.26034,-52.77704, 
47.26035,-52.77703, 
47.26037,-52.77701, 
47.26038,-52.777, 
47.2604,-52.777, 
47.26042,-52.777, 
47.26043,-52.77699, 
47.26045,-52.777, 
47.26046,-52.777, 
47.26048,-52.777, 
47.26049,-52.77703, 
47.26051,-52.77704, 
47.26051,-52.77705, 
47.26052,-52.77708, 
47.26052,-52.7771, 
47.26052,-52.77712, 
47.26053,-52.77714, 
47.26054,-52.77715, 
47.26054,-52.77717, 
47.26055,-52.77719, 
47.26056,-52.77721, 
47.26057,-52.77723, 
47.26058,-52.77725, 
47.2606,-52.77725, 
47.26061,-52.77726, 
47.26062,-52.77727, 
47.26063,-52.77728, 
47.26064,-52.7773, 
47.26066,-52.77733, 
47.26066,-52.77734, 
47.26068,-52.77735, 
47.2607,-52.77736, 
47.26071,-52.77737, 
47.26073,-52.77739, 
47.26074,-52.7774, 
47.26076,-52.7774, 
47.26077,-52.77741, 
47.26078,-52.77742, 
47.2608,-52.77743, 
47.26081,-52.77744, 
47.26083,-52.77744, 
47.26083,-52.77744, 
47.26085,-52.77745, 
47.26087,-52.77746, 
47.26088,-52.77746, 
47.26089,-52.77747, 
47.26091,-52.77748, 
47.26093,-52.77749, 
47.26095,-52.77749, 
47.26096,-52.77749, 
47.26098,-52.7775, 
47.26099,-52.7775, 
47.26101,-52.77751, 
47.26103,-52.77751, 
47.26104,-52.77752, 
47.26106,-52.77752, 
47.26108,-52.77752, 
47.26108,-52.77752, 
47.2611,-52.77753, 
47.26112,-52.77754, 
47.26114,-52.77754, 
47.26115,-52.77753, 
47.26116,-52.77753, 
47.26118,-52.77753, 
47.26119,-52.77751, 
47.2612,-52.7775, 
47.26121,-52.77748, 
47.26123,-52.77749, 
47.26124,-52.7775, 
47.26126,-52.77751, 
47.26127,-52.77751, 
47.26128,-52.7775, 
47.26129,-52.77748, 
47.2613,-52.77747, 
47.26131,-52.77745, 
47.26132,-52.77745, 
47.26133,-52.77745, 
47.26135,-52.77745, 
47.26137,-52.77747, 
47.26138,-52.77746, 
47.26139,-52.77745, 
47.2614,-52.77742, 
47.2614,-52.77741, 
47.26142,-52.7774, 
47.26143,-52.77739, 
47.26144,-52.77739, 
47.26146,-52.77738, 
47.26147,-52.77737, 
47.26149,-52.77737, 
47.2615,-52.77737, 
47.26152,-52.77738, 
47.26153,-52.77741, 
47.26154,-52.77745, 
47.26155,-52.77746, 
47.26156,-52.77747, 
47.26158,-52.77748, 
47.2616,-52.77748, 
47.26161,-52.77749, 
47.26163,-52.77749, 
47.26164,-52.77749, 
47.26165,-52.77748, 
47.26165,-52.77746, 
47.26166,-52.77743, 
47.26167,-52.77743, 
47.26169,-52.77742, 
47.26171,-52.77741, 
47.26172,-52.77741, 
47.26174,-52.7774, 
47.26176,-52.77741, 
47.26176,-52.77743, 
47.26177,-52.77744, 
47.26178,-52.77747, 
47.26179,-52.77749, 
47.2618,-52.7775, 
47.26181,-52.77751, 
47.26183,-52.77752, 
47.26184,-52.77753, 
47.26185,-52.77754, 
47.26186,-52.77755, 
47.26188,-52.77755, 
47.26189,-52.77755, 
47.26191,-52.77754, 
47.26191,-52.77753, 
47.26193,-52.77752, 
47.262,-52.77753, 
47.26201,-52.77753, 
47.26202,-52.77754, 
47.26204,-52.77754, 
47.26206,-52.77754, 
47.26208,-52.77753, 
47.26209,-52.77753, 
47.2621,-52.77752, 
47.26213,-52.77751, 
47.26213,-52.7775, 
47.26214,-52.77747, 
47.26215,-52.77746, 
47.26216,-52.77743, 
47.26218,-52.77741, 
47.2622,-52.7774, 
47.26221,-52.77738, 
47.26223,-52.77738, 
47.26225,-52.77738, 
47.26227,-52.77739, 
47.26228,-52.7774, 
47.26229,-52.77741, 
47.2623,-52.77742, 
47.26231,-52.77742, 
47.26232,-52.77744, 
47.26234,-52.77746, 
47.26235,-52.77747, 
47.26236,-52.77747, 
47.26237,-52.77749, 
47.26238,-52.77749, 
47.26239,-52.77751, 
47.26241,-52.77752, 
47.26242,-52.77752, 
47.26244,-52.77753, 
47.26245,-52.77754, 
47.26248,-52.77755, 
47.26248,-52.77755, 
47.2625,-52.77755, 
47.26251,-52.77756, 
47.26253,-52.77757, 
47.26253,-52.77757, 
47.26255,-52.7776, 
47.26256,-52.77763, 
47.26256,-52.77765, 
47.26257,-52.77766, 
47.26258,-52.77768, 
47.2626,-52.77769, 
47.26261,-52.77771, 
47.26262,-52.77773, 
47.26263,-52.77777, 
47.26265,-52.77779, 
47.26266,-52.77781, 
47.26267,-52.77783, 
47.26268,-52.77784, 
47.2627,-52.77785, 
47.26272,-52.77785, 
47.26273,-52.77786, 
47.26274,-52.77787, 
47.26276,-52.77785, 
47.26277,-52.77784, 
47.26278,-52.77783, 
47.26279,-52.77782, 
47.2628,-52.77781, 
47.26281,-52.7778, 
47.26281,-52.7778, 
47.26282,-52.77781, 
47.26284,-52.7778, 
47.26285,-52.77781, 
47.26287,-52.77781, 
47.26288,-52.77781, 
47.26289,-52.77781, 
47.26291,-52.7778, 
47.26292,-52.77779, 
47.26294,-52.77779, 
47.26295,-52.77779, 
47.26297,-52.77779, 
47.26299,-52.77779, 
47.26301,-52.77779, 
47.26303,-52.77781, 
47.26304,-52.77782, 
47.26307,-52.77784, 
47.26308,-52.77785, 
47.2631,-52.77785, 
47.26311,-52.77786, 
47.26313,-52.77786, 
47.26314,-52.77787, 
47.26316,-52.77789, 
47.26317,-52.7779, 
47.26319,-52.77792, 
47.2632,-52.77792, 
47.26322,-52.77793, 
47.26323,-52.77793, 
47.26324,-52.77793, 
47.26327,-52.77792, 
47.26328,-52.77792, 
47.2633,-52.77792, 
47.26332,-52.77792, 
47.26335,-52.77792, 
47.26336,-52.7779, 
47.26338,-52.7779, 
47.26339,-52.77789, 
47.26341,-52.77787, 
47.26342,-52.77786, 
47.26344,-52.77786, 
47.26346,-52.77786, 
47.26347,-52.77787, 
47.26349,-52.77787, 
47.2635,-52.77787, 
47.26351,-52.77788, 
47.26353,-52.77787, 
47.26355,-52.77787, 
47.26357,-52.77787, 
47.26358,-52.77787, 
47.2636,-52.77786, 
47.26361,-52.77785, 
47.26365,-52.77783, 
47.26367,-52.77783, 
47.26368,-52.77783, 
47.26369,-52.77783, 
47.26371,-52.77783, 
47.26373,-52.77783, 
47.26374,-52.77783, 
47.26376,-52.77784, 
47.26378,-52.77784, 
47.2638,-52.77784, 
47.2638,-52.77785, 
47.26382,-52.77785, 
47.26383,-52.77785, 
47.26385,-52.77784, 
47.26387,-52.77784, 
47.26388,-52.77784, 
47.26389,-52.77784, 
47.26392,-52.77781, 
47.26394,-52.77781, 
47.26395,-52.7778, 
47.26397,-52.77779, 
47.26399,-52.77778, 
47.26402,-52.77777, 
47.26404,-52.77775, 
47.26405,-52.77775, 
47.26406,-52.77774, 
47.26408,-52.77773, 
47.26409,-52.77773, 
47.26411,-52.77772, 
47.26414,-52.7777, 
47.26416,-52.7777, 
47.26417,-52.77769, 
47.26418,-52.77767, 
47.2642,-52.77767, 
47.26421,-52.77765, 
47.26422,-52.77763, 
47.26424,-52.77762, 
47.26425,-52.77761, 
47.26427,-52.77758, 
47.26428,-52.77756, 
47.26429,-52.77755, 
47.2643,-52.77753, 
47.26431,-52.77751, 
47.26432,-52.77749, 
47.26434,-52.77746, 
47.26435,-52.77745, 
47.26436,-52.77742, 
47.26438,-52.77741, 
47.26439,-52.77739, 
47.26441,-52.77739, 
47.26442,-52.77739, 
47.26444,-52.77741, 
47.26445,-52.77742, 
47.26447,-52.77743, 
47.26448,-52.77744, 
47.26449,-52.77744, 
47.26451,-52.77744, 
47.26453,-52.77743, 
47.26454,-52.77742, 
47.26456,-52.7774, 
47.26457,-52.77738, 
47.26459,-52.77735, 
47.26459,-52.77734, 
47.26461,-52.77732, 
47.26461,-52.7773, 
47.26462,-52.77727, 
47.26463,-52.77726, 
47.26464,-52.77723, 
47.26465,-52.77721, 
47.26467,-52.7772, 
47.26468,-52.77719, 
47.26469,-52.77719, 
47.2647,-52.77717, 
47.26471,-52.77716, 
47.26473,-52.77715, 
47.26475,-52.77714, 
47.26476,-52.77714, 
47.26478,-52.77713, 
47.2648,-52.77712, 
47.26481,-52.77711, 
47.26483,-52.77711, 
47.26484,-52.77709, 
47.26485,-52.77709, 
47.26487,-52.77707, 
47.26488,-52.77706, 
47.2649,-52.77705, 
47.26491,-52.77705, 
47.26493,-52.77703, 
47.26496,-52.77702, 
47.26498,-52.77701, 
47.26501,-52.77701, 
47.26504,-52.777, 
47.26506,-52.77699, 
47.26507,-52.77699, 
47.2651,-52.77699, 
47.26512,-52.77699, 
47.26513,-52.77698, 
47.26514,-52.77698, 
47.26517,-52.77697, 
47.26519,-52.77696, 
47.26521,-52.77695, 
47.26523,-52.77695, 
47.26525,-52.77694, 
47.26526,-52.77693, 
47.26527,-52.77692, 
47.26529,-52.7769, 
47.2653,-52.77689, 
47.26531,-52.77688, 
47.26533,-52.77686, 
47.26534,-52.77684, 
47.26535,-52.77682, 
47.26535,-52.7768, 
47.26535,-52.77678, 
47.26536,-52.77675, 
47.26537,-52.77674, 
47.26538,-52.77673, 
47.2654,-52.77671, 
47.26541,-52.77672, 
47.26543,-52.77672, 
47.26544,-52.77672, 
47.26545,-52.77672, 
47.26547,-52.77671, 
47.2655,-52.77672, 
47.26552,-52.77672, 
47.26554,-52.77672, 
47.26555,-52.77673, 
47.26557,-52.77673, 
47.26558,-52.77673, 
47.26559,-52.77673, 
47.26561,-52.77674, 
47.26563,-52.77674, 
47.26565,-52.77675, 
47.26567,-52.77675, 
47.26568,-52.77675, 
47.26569,-52.77674, 
47.26571,-52.77675, 
47.26573,-52.77674, 
47.26575,-52.77674, 
47.26576,-52.77674, 
47.26577,-52.77674, 
47.2658,-52.77674, 
47.26582,-52.77674, 
47.26584,-52.77674, 
47.26586,-52.77674, 
47.26587,-52.77674, 
47.26589,-52.77674, 
47.26591,-52.77674, 
47.26591,-52.77674, 
47.26593,-52.77674, 
47.26594,-52.77673, 
47.26596,-52.77672, 
47.26598,-52.77671, 
47.26599,-52.7767, 
47.266,-52.77668, 
47.26601,-52.77666, 
47.26601,-52.77664, 
47.26603,-52.77661, 
47.26605,-52.77657, 
47.26607,-52.77655, 
47.26607,-52.77654, 
47.26608,-52.77652, 
47.26609,-52.7765, 
47.2661,-52.77648, 
47.26611,-52.77648, 
47.26611,-52.77646, 
47.26612,-52.77644, 
47.26613,-52.77641, 
47.26614,-52.77638, 
47.26614,-52.77636, 
47.26616,-52.77632, 
47.26617,-52.7763, 
47.26617,-52.77628, 
47.26617,-52.77627, 
47.26618,-52.77625, 
47.26618,-52.77622, 
47.26618,-52.77621, 
47.26619,-52.77618, 
47.26619,-52.77615, 
47.26619,-52.77614, 
47.26619,-52.77611, 
47.2662,-52.77609, 
47.26619,-52.77607, 
47.26619,-52.77605, 
47.26619,-52.77601, 
47.26618,-52.77599, 
47.26617,-52.77597, 
47.26617,-52.77595, 
47.26616,-52.77594, 
47.26616,-52.77592, 
47.26615,-52.77591, 
47.26614,-52.77589, 
47.26613,-52.77585, 
47.26613,-52.77583, 
47.26612,-52.77581, 
47.26612,-52.77579, 
47.26612,-52.77578, 
47.26612,-52.77576, 
47.26612,-52.77574, 
47.26612,-52.77571, 
47.26613,-52.77568, 
47.26614,-52.77565, 
47.26615,-52.77562, 
47.26616,-52.77559, 
47.26616,-52.77557, 
47.26616,-52.77556, 
47.26617,-52.77553, 
47.26618,-52.7755, 
47.26619,-52.77548, 
47.26619,-52.77545, 
47.2662,-52.77541, 
47.26622,-52.77537, 
47.26622,-52.77535, 
47.26623,-52.77532, 
47.26624,-52.7753, 
47.26625,-52.77528, 
47.26626,-52.77525, 
47.26627,-52.77524, 
47.2663,-52.77522, 
47.26631,-52.77519, 
47.26633,-52.77517, 
47.26634,-52.77515, 
47.26635,-52.77513, 
47.26636,-52.77512, 
47.26638,-52.77511, 
47.26639,-52.77509, 
47.2664,-52.77508, 
47.26641,-52.77507, 
47.26642,-52.77505, 
47.26643,-52.77504, 
47.26644,-52.77502, 
47.26646,-52.77499, 
47.26647,-52.77498, 
47.26649,-52.77497, 
47.2665,-52.77496, 
47.26652,-52.77495, 
47.26653,-52.77495, 
47.26654,-52.77493, 
47.26656,-52.77491, 
47.26658,-52.77491, 
47.2666,-52.7749, 
47.26661,-52.77489, 
47.26663,-52.77489, 
47.26664,-52.77487, 
47.26666,-52.77486, 
47.26668,-52.77485, 
47.26669,-52.77483, 
47.26671,-52.77482, 
47.26672,-52.77478, 
47.26673,-52.77477, 
47.26674,-52.77475, 
47.26675,-52.77473, 
47.26676,-52.7747, 
47.26678,-52.77469, 
47.26679,-52.77468, 
47.26679,-52.77467, 
47.2668,-52.77464, 
47.26681,-52.77462, 
47.26681,-52.7746, 
47.26681,-52.77458, 
47.26683,-52.77454, 
47.26684,-52.77452, 
47.26684,-52.7745, 
47.26685,-52.77449, 
47.26685,-52.77447, 
47.26685,-52.77446, 
47.26686,-52.77443, 
47.26687,-52.77441, 
47.26687,-52.77439, 
47.26689,-52.77437, 
47.2669,-52.77436, 
47.26691,-52.77434, 
47.26692,-52.77432, 
47.26692,-52.7743, 
47.26693,-52.77428, 
47.26693,-52.77426, 
47.26694,-52.77424, 
47.26696,-52.77422, 
47.26696,-52.7742, 
47.26697,-52.77417, 
47.26698,-52.77415, 
47.26699,-52.77413, 
47.267,-52.7741, 
47.26701,-52.77409, 
47.26702,-52.77407, 
47.26702,-52.77405, 
47.26703,-52.77403, 
47.26704,-52.77401, 
47.26704,-52.774, 
47.26705,-52.77397, 
47.26705,-52.77395, 
47.26706,-52.77393, 
47.26706,-52.77391, 
47.26705,-52.7739, 
47.26705,-52.7739, 
